{
	"code": "egg",
	"enabled":false,
	"class": "EggCrack",
	"maxstacksize": 32,
	"variantgroups": [
		{ "code": "type", "states":["tyrannosaurus","tarbosaurus","nanuqsaurus","albertosaurus","gorgosaurus","alioramus","qianzhousaurus","zhuchengtyrannus","bistahieversor","thanatotheristes","teratophoneus","dynamoterror",] },
	],
	"shapeByType": {
		"*": {"base": "entity/land/egg"},
	},
	"texturesByType": {
		"*": {"egg":{ "base": "entity/egg"}},
	},
	"attributes": {
		"nutritionPropsWhenInMeal": { "saturation": 400, "foodcategory": "Protein" }
	},
	"nutritionPropsByType": {
		"*-boiled": { "saturation": 320, "foodcategory": "Protein" },
	},
	"creativeinventory": { "general": ["*"], "items": ["*"] },
	"materialDensity": 200,
	"guiTransformByType": {
		"*": {
			"rotate": true,
			"translation": { "x": 3, "y": 0, "z": 0 },
			"rotation": { "x": -11, "y": -52, "z": -180 },
			"origin": { "x": 0.5, "y": 0.15, "z": 0.5 },
			"scale": 4
		}},

	"tpHandTransformByType": {
		"*": {
			"translation": { "x": 0, "y": -0.6, "z": -0.5},
			"rotation": { "x": -180, "y": 0, "z": -100 },
			"origin": { "x": 0, "y": 0, "z": 0 },
			"scale": 1
		},
	},

	"groundTransformByType":{
		"*":{
			"translation": {"x": 0,"y": 0,"z": 0},
			"rotation": {"x": -90,"y": 0,"z": 0},
			"origin": {"x": 0.5,"y": 0.1,"z": 0.4},
			"scale": 5
		},
	},

	"transitionableProps": [{
		"type": "Perish",
		"freshHours": { "avg": 720 },
		"transitionHours": { "avg": 24 },
		"transitionedStack": { "type": "item", "code": "game:rot" },
		"transitionRatio": 0.5
	}],
}
