{
    "code": "tyrannosauridae",
    "class": "EntityAgent",
	"variantgroups": [
        {"code": "type","states": ["tyrannosaurus","tarbosaurus","nanuqsaurus","albertosaurus","gorgosaurus","alioramus","qianzhousaurus","zhuchengtyrannus","bistahieversor","thanatotheristes","teratophoneus","dynamoterror",]},
        {"code": "age","states": [ "adult","baby"]},
        {"code": "gender","states": ["male","female"]},
    ],
    "fallDamageMultiplierByType": {
		"*-baby-*" :1,
		"*-tyrannosaurus-adult-*": 10,
		"*-tarbosaurus-adult-*": 8,
		"*-nanuqsaurus-adult-*": 7,
		"*-albertosaurus-adult-*": 7,
		"*-gorgosaurus-adult-*": 7,
		"*-alioramus-adult-*": 5,
		"*-qianzhousaurus-adult-*": 7,
		"*-zhuchengtyrannus-adult-*":8,
		"*-bistahieversor-adult-*":7.0,
		"*-thanatotheristes-adult-*":7.0,
		"*-teratophoneus-adult-*":6.0,
		"*-dynamoterror-adult-*":6.0,
		},
    "hitBoxSizeByType": {
			"*-tyrannosaurus-adult-*": {"x": 3,"y": 4},"*-tyrannosaurus-baby-*": {"x": 0.7,"y": 0.7},
			"*-tarbosaurus-adult-*": {"x": 3,"y": 3.9},"*-tarbosaurus-baby-*": {"x": 0.7,"y": 0.6},
			"*-nanuqsaurus-adult-*": {"x": 3,"y": 2.5},"*-nanuqsaurus-baby-*": {"x": 0.7,"y": 0.5},
			"*-albertosaurus-adult-*": {"x": 3,"y": 2.75},"*-albertosaurus-baby-*": {"x": 0.7,"y": 0.5},
			"*-gorgosaurus-adult-*": {"x": 3,"y": 2.75},"*-gorgosaurus-baby-*": {"x": 0.7,"y": 0.5},
			"*-alioramus-adult-*": {"x": 3,"y": 2},"*-alioramus-baby-*": {"x": 0.7,"y": 0.5},
			"*-qianzhousaurus-adult-*": {"x": 3,"y": 2.75},"*-qianzhousaurus-baby-*": {"x": 0.7,"y": 0.5},
			"*-zhuchengtyrannus-adult-*": {"x": 3,"y": 3.9}, "*-zhuchengtyrannus-baby-*": {"x": 0.7,"y": 0.6},
			"*-bistahieversor-adult-*": {"x": 3,"y": 2.75}, "*-bistahieversor-baby-*": {"x": 0.7,"y": 0.6},
			"*-thanatotheristes-adult-*": {"x": 3,"y": 2.7}, "*-thanatotheristes-baby-*": {"x": 0.7,"y": 0.5},
			"*-teratophoneus-adult-*": {"x": 3,"y": 2.5}, "*-teratophoneus-baby-*": {"x": 0.7,"y": 0.5},
			"*-dynamoterror-adult-*": {"x": 3,"y": 2.5}, "*-dynamoterror-baby-*": {"x": 0.7,"y": 0.5},
		},

    "deadhitBoxSizeByType": {"*-adult-*":{	"x": 2,"y": 2},"*-baby-*":{	"x": 1,"y": 1}},
    "eyeHeightByType": {"*":4},
    "weightByType": {"*-adult-*":4000,"*-baby-*":10},
    "knockbackResistanceByType": {"*-adult-*": 1,"*-baby-*": 0	},

    "drops": [],
    "attributes": {
		"tamedByType": {"*": false },
		"killedByInfoText": "deadcreature-killed",
		"handbook": {"groupcode": "creaturegroup-tyrannosauridae"},
		"minGenerationToAllowHealing": 0,
		"creatureDiet": {
			"foodCategories": ["Protein"],
			"foodTags": ["meat","fish","fishfillet","jerky","fisheggs","crabmeat","psfish","cod","shreddedchicken"]
		},
	},
	"behaviorConfigs": {
		"rideableaccessories": {
			"wearableSlots": [
				{"code": "head", "forCategoryCodes": ["tyrannobridle"], "attachmentPointCode": "HeadAP" },
				{"code": "face", "forCategoryCodes": [], "attachmentPointCode": "FaceAP" },
				{"code": "neck", "forCategoryCodes": [], "attachmentPointCode": "NeckAP" },
				{"code": "middleback", "forCategoryCodes": ["tyrannosaddle"], "attachmentPointCode": "MidAP","stepParentTo": {"": { "elementName": "Torso" }} },
				{"code": "Back Storage 1","forCategoryCodes": ["chest", "basket", "crate"],"attachmentPointcode": "BStore1AP","stepParentTo": {"": { "elementName": "BackStorage1" }}},
			]
		},
		"selectionboxes": {
			"selectionBoxes": ["HeadAP","FaceAP", "NeckAP", "MidAP","BStore1AP",]
		},
		"rideable": {
			"interactMountAnySeat": true,
			"seats": [
				{ "apName": "Rider", "selectionBox": "NeckAP", "bodyYawLimit": 0.2, "controllable": true,
					"mountOffsetByType": {
						"*": {"x":0,"y":0.0,"z":0},
					}
				},
			],
			"controls": {
				"idle": {
					"weight": 1,
					"riderAnim": {
						"animation": "rideelk-idle",
						"animationSpeed": 0.00000001,
						"weight": 1,
						"withFpVariant": true,
						"blendMode": "Average",
						"elementWeight": {
							"LowerTorso": 80,
							"UpperTorso": 80,
							"UpperFootR": 80,
							"UpperFootL": 80,
							"LowerFootR": 80,
							"LowerFootL": 80
						},
						"elementBlendMode": {
							"LowerTorso": "Average",
							"UpperTorso": "Average",
							"UpperFootR": "Average",
							"UpperFootL": "Average",
							"LowerFootR": "Average",
							"LowerFootL": "Average"
						}
					}
				},
				"swim": {
					"animation": "Swim",
					"animationSpeed": 1,
					"movespeed": 0.02,
					"weight": 10,
					"blendMode": "Average",
					"riderAnim": {
						"animation": "rideelk-walk",
						"animationSpeed": 1,
						"weight": 1,
						"withFpVariant": true,
						"blendMode": "Average",
						"elementWeight": {
							"LowerTorso": 80,
							"UpperTorso": 80,
							"UpperFootR": 80,
							"UpperFootL": 80,
							"LowerFootR": 80,
							"LowerFootL": 80
						},
						"elementBlendMode": {
							"LowerTorso": "Average",
							"UpperTorso": "Average",
							"UpperFootR": "Average",
							"UpperFootL": "Average",
							"LowerFootR": "Average",
							"LowerFootL": "Average"
						}
					}
				},
				"walk": {
					"animation": "Walk",
					"weight": 10,
						"movespeedByType": {
							"*-adult-*": 0.007,
						},
						"animationSpeedByType": {
							"*": 1
						},
					"blendMode": "Average",
					"riderAnim": {
						"animation": "rideelk-walk",
						"animationSpeed": 1,
						"weight": 1,
						"withFpVariant": true,
						"blendMode": "Average",
						"elementWeight": {
							"LowerTorso": 80,
							"UpperTorso": 80,
							"UpperFootR": 80,
							"UpperFootL": 80,
							"LowerFootR": 80,
							"LowerFootL": 80
						},
						"elementBlendMode": {
							"LowerTorso": "Average",
							"UpperTorso": "Average",
							"UpperFootR": "Average",
							"UpperFootL": "Average",
							"LowerFootR": "Average",
							"LowerFootL": "Average"
						}
					}
				},
				"walkback": {
					"animation": "Walk",
					"weight": 10,
						"movespeedByType": {
							"*-adult-*": 0.007,
						},
						"animationSpeedByType": {
							"*": 1
						},
					"easeInSpeed": 1,
					"easeOutSpeed": 3,
					"blendMode": "Average",
					"riderAnim": {
						"animation": "rideelk-walk",
						"animationSpeed": 1,
						"weight": 1,
						"withFpVariant": true,
						"blendMode": "Average",
						"elementWeight": {
							"LowerTorso": 80,
							"UpperTorso": 80,
							"UpperFootR": 80,
							"UpperFootL": 80,
							"LowerFootR": 80,
							"LowerFootL": 80
						},
						"elementBlendMode": {
							"LowerTorso": "Average",
							"UpperTorso": "Average",
							"UpperFootR": "Average",
							"UpperFootL": "Average",
							"LowerFootR": "Average",
							"LowerFootL": "Average"
						}
					}
				},
				"sprint": {
					"animation": "Run",
					"weight": 10,
						"movespeedByType": {
							"*-baby-*":0.035,
							"*-tyrannosaurus-adult-*":0.065,
							"*-tarbosaurus-adult-*": 0.07,
							"*-nanuqsaurus-adult-*": 0.085,
							"*-albertosaurus-adult-*": 0.075,
							"*-gorgosaurus-adult-*": 0.08,
							"*-alioramus-adult-*": 0.09,
							"*-qianzhousaurus-adult-*": 0.08,
							"*-zhuchengtyrannus-adult-*": 0.07,
							"*-bistahieversor-adult-*": 0.075,
							"*-thanatotheristes-adult-*": 0.08,
							"*-teratophoneus-adult-*": 0.085,
							"*-dynamoterror-adult-*": 0.085,
						},
						"animationSpeedByType": {
							"*-baby-*":2.5,
							"*-tyrannosaurus-adult-*":1.7,
							"*-tarbosaurus-adult-*": 1.8,
							"*-nanuqsaurus-adult-*": 1.95,
							"*-albertosaurus-adult-*": 1.9,
							"*-gorgosaurus-adult-*": 1.85,
							"*-alioramus-adult-*": 2,
							"*-qianzhousaurus-adult-*": 1.85,
							"*-zhuchengtyrannus-adult-*": 1.8,
							"*-bistahieversor-adult-*": 1.85,
							"*-thanatotheristes-adult-*": 1.9,
							"*-teratophoneus-adult-*": 1.95,
							"*-dynamoterror-adult-*": 1.95,
						},
					"blendMode": "Average",
					"riderAnim": {
						"animation": "rideelk-run",
						"animationSpeed": 2,
						"weight": 1,
						"withFpVariant": true,
						"blendMode": "Average",
						"elementWeight": {
							"LowerTorso": 80,
							"UpperTorso": 80,
							"UpperFootR": 80,
							"UpperFootL": 80,
							"LowerFootR": 80,
							"LowerFootL": 80
						},
						"elementBlendMode": {
							"LowerTorso": "Average",
							"UpperTorso": "Average",
							"UpperFootR": "Average",
							"UpperFootL": "Average",
							"LowerFootR": "Average",
							"LowerFootL": "Average"
						}
					}
				},
				"jump": {
					"animation": "Walk",
					"weight": 50,
					"easeOutSpeed": 40,
					"blendMode": "Average",
					"animationSpeed": 1,
					"movespeed": 0.08,
					"riderAnim": {
						"animation": "rideelk-jump",
						"animationSpeed": 1,
						"weight": 10,
						"withFpVariant": true,
						"blendMode": "Average",
						"elementWeight": {
							"LowerTorso": 160,
							"UpperTorso": 160,
							"UpperFootR": 160,
							"UpperFootL": 160,
							"LowerFootR": 160,
							"LowerFootL": 160
						},
						"elementBlendMode": {
							"LowerTorso": "Average",
							"UpperTorso": "Average",
							"UpperFootR": "Average",
							"UpperFootL": "Average",
							"LowerFootR": "Average",
							"LowerFootL": "Average"
						}
					}
				}
			}
		},
		"ownable": {
			"groupCode": "mountableanimal"
		}
	},

    "client": {
        "renderer": "Shape",
        "shapeByType": {
			"*-tyrannosaurus-adult-*":{"base": "entity/land/tyrannosauridae/tyrannosaurus/adult"},"*-tyrannosaurus-baby-*":{"base": "entity/land/tyrannosauridae/tyrannosaurus/baby"},
			"*-tarbosaurus-adult-*":{"base": "entity/land/tyrannosauridae/tarbosaurus/adult"},"*-tarbosaurus-baby-*":{"base": "entity/land/tyrannosauridae/tarbosaurus/baby"},
			"*-nanuqsaurus-adult-*":{"base": "entity/land/tyrannosauridae/nanuqsaurus/adult"},"*-nanuqsaurus-baby-*":{"base": "entity/land/tyrannosauridae/nanuqsaurus/baby"},
			"*-albertosaurus-adult-*":{"base": "entity/land/tyrannosauridae/albertosaurus/adult"},"*-albertosaurus-baby-*":{"base": "entity/land/tyrannosauridae/albertosaurus/baby"},
			"*-gorgosaurus-adult-*":{"base": "entity/land/tyrannosauridae/gorgosaurus/adult"},"*-gorgosaurus-baby-*":{"base": "entity/land/tyrannosauridae/gorgosaurus/baby"},
			"*-alioramus-adult-*":{"base": "entity/land/tyrannosauridae/alioramus/adult"},"*-alioramus-baby-*":{"base": "entity/land/tyrannosauridae/alioramus/baby"},
			"*-qianzhousaurus-adult-*":{"base": "entity/land/tyrannosauridae/qianzhousaurus/adult"},"*-qianzhousaurus-baby-*":{"base": "entity/land/tyrannosauridae/qianzhousaurus/baby"},
			"*-zhuchengtyrannus-adult-*": {"base": "entity/land/tyrannosauridae/zhuchengtyrannus/adult"}, "*-zhuchengtyrannus-baby-*": {"base": "entity/land/tyrannosauridae/zhuchengtyrannus/baby"},
			"*-bistahieversor-adult-*": {"base": "entity/land/tyrannosauridae/bistahieversor/adult"}, "*-bistahieversor-baby-*": {"base": "entity/land/tyrannosauridae/bistahieversor/baby"},
			"*-thanatotheristes-adult-*": {"base": "entity/land/tyrannosauridae/thanatotheristes/adult"}, "*-thanatotheristes-baby-*": {"base": "entity/land/tyrannosauridae/thanatotheristes/baby"},
			"*-teratophoneus-adult-*": {"base": "entity/land/tyrannosauridae/teratophoneus/adult"}, "*-teratophoneus-baby-*": {"base": "entity/land/tyrannosauridae/teratophoneus/baby"},
			"*-dynamoterror-adult-*": {"base": "entity/land/tyrannosauridae/dynamoterror/adult"}, "*-dynamoterror-baby-*": {"base": "entity/land/tyrannosauridae/dynamoterror/baby"},
		},
         "textureByType": {
            "*-tyrannosaurus-adult-*":{"base": "entity/tyrannosaurus-adult"},"*-tyrannosaurus-baby-*":{"base": "entity/tyrannosaurus-baby"},
            "*-tarbosaurus-adult-*":{"base": "entity/tarbosaurus-adult"},"*-tarbosaurus-baby-*":{"base": "entity/tarbosaurus-baby"},
            "*-nanuqsaurus-adult-*":{"base": "entity/nanuqsaurus-adult"},"*-nanuqsaurus-baby-*":{"base": "entity/nanuqsaurus-baby"},
            "*-albertosaurus-adult-*":{"base": "entity/albertosaurus-adult"},"*-albertosaurus-baby-*":{"base": "entity/albertosaurus-baby"},
            "*-gorgosaurus-adult-*":{"base": "entity/gorgosaurus-adult"},"*-gorgosaurus-baby-*":{"base": "entity/gorgosaurus-adult"},
            "*-alioramus-adult-*":{"base": "entity/alioramus-adult"},"*-alioramus-baby-*":{"base": "entity/alioramus-baby"},
            "*-qianzhousaurus-adult-*":{"base": "entity/qianzhousaurus-adult"},"*-qianzhousaurus-baby-*":{"base": "entity/qianzhousaurus-adult"},
            "*-zhuchengtyrannus-adult-*":{"base": "entity/zhuchengtyrannus-adult"},"*-zhuchengtyrannus-baby-*":{"base": "entity/zhuchengtyrannus-baby"},
			"*-bistahieversor-adult-*":{"base": "entity/bistahieversor-adult"},"*-bistahieversor-baby-*":{"base": "entity/bistahieversor-baby"},
			"*-thanatotheristes-adult-*":{"base": "entity/thanatotheristes-adult"},"*-thanatotheristes-baby-*":{"base": "entity/thanatotheristes-baby"},
			"*-teratophoneus-adult-*":{"base": "entity/teratophoneus-adult"},"*-teratophoneus-baby-*":{"base": "entity/teratophoneus-adult"},
			"*-dynamoterror-adult-*":{"base": "entity/dynamoterror-adult"},"*-dynamoterror-baby-*":{"base": "entity/dynamoterror-adult"},
        },
        "sizeByType": {
			"*-tyrannosaurus-adult-male": 1.0,"*-tyrannosaurus-adult-female": 0.9,"*-tyrannosaurus-baby-*": 1.0,
			"*-tarbosaurus-adult-male": 0.8,"*-tarbosaurus-adult-female": 0.7,"*-tarbosaurus-baby-*": 0.9,
			"*-nanuqsaurus-adult-male": 0.5,"*-nanuqsaurus-adult-female": 0.4,"*-nanuqsaurus-baby-*": 0.6,
			"*-albertosaurus-adult-male": 0.7,"*-albertosaurus-adult-female": 0.6,"*-albertosaurus-baby-*": 0.8,
			"*-gorgosaurus-adult-male": 0.6,"*-gorgosaurus-adult-female": 0.5,"*-gorgosaurus-baby-*": 0.7,
			"*-alioramus-adult-male": 0.45,"*-alioramus-adult-female": 0.4,"*-alioramus-baby-*": 0.5,
			"*-qianzhousaurus-adult-male": 0.6,"*-qianzhousaurus-adult-female": 0.5,"*-qianzhousaurus-baby-*": 0.7,
			"*-zhuchengtyrannus-adult-male": 0.8,"*-zhuchengtyrannus-adult-female": 0.7,"*-zhuchengtyrannus-baby-*": 0.9,
			"*-bistahieversor-adult-male": 0.7,"*-bistahieversor-adult-female": 0.6,"*-bistahieversor-baby-*": 0.7,
			"*-thanatotheristes-adult-male": 0.6,"*-thanatotheristes-adult-female": 0.5,"*-thanatotheristes-baby-*": 0.6,
			"*-teratophoneus-adult-male": 0.5,"*-teratophoneus-adult-female": 0.4,"*-teratophoneus-baby-*": 0.5,
			"*-dynamoterror-adult-male": 0.5,"*-dynamoterror-adult-female": 0.4,"*-dynamoterror-baby-*": 0.5,
		},
        "behaviors": [
			{"code": "rideable", "enabledByType": {  "*-baby-*": false, "*": true},"minGeneration": 10 },
            {"code": "repulseagents" },
			{"code": "controlledphysics","stepHeightByType":
				{
				"*-baby-*":1.1251,
				"*-tyrannosaurus-adult-*": 2.5,
				"*-tarbosaurus-adult-*": 2.5,
				"*-nanuqsaurus-adult-*": 2,
				"*-albertosaurus-adult-*": 2,
				"*-gorgosaurus-adult-*": 2,
				"*-alioramus-adult-*": 1.5,
				"*-qianzhousaurus-adult-*": 2,
				"*-zhuchengtyrannus-adult-*": 2.5,
				"*-bistahieversor-adult-*": 2.0,
				"*-thanatotheristes-adult-*": 2.0,
				"*-teratophoneus-adult-*": 2.0,
				"*-dynamoterror-adult-*": 2.0,
				}
			},
			{"code": "floatupwhenstuck","onlyWhenDead": true},
			{"code": "interpolateposition" },
			{"code": "harvestable","quantitySlots": 8},
			{"code": "multiply", "enabledByType": { "*-adult-female": true, "*": false } },
			{"code": "despawn","minPlayerDistance": 8,"belowLightLevel": 8,"minSeconds": 300},
			{"code": "ropetieable","minGeneration": 8},
			{"code": "selectionboxes", "enabledByType": {  "*-baby-*": false, "*": true},"minGeneration": 10 },
			{"code": "ownable", "enabledByType": { "*-baby-*": false,"*": true},"minGeneration": 10 },
			{"code": "rideableaccessories", "enabledByType": {  "*-baby-*": false, "*": true},"minGeneration": 10 },
        ],
        "animations": [
            {"code": "attack","animation": "Attack","animationSpeed": 1.2,"weight": 10,"blendMode": "AddAverage"},
            {"code": "die","animation": "Die","easeInSpeed": 3,"animationSpeed": 1,"weight": 10,"blendMode": "Average","triggeredBy": {"onControls": ["dead"]}},
            {"code": "eat","animation": "Eat","easeInSpeed": 4,"easeOutSpeed": 4,"blendMode": "Average"},
            {"code": "run","animation": "Run","easeInSpeed": 10,"easeOutSpeed": 2,"supressDefaultAnimation": true,"blendMode": "Average"},
            {"code": "hurt","animation": "Hurt","animationSpeed": 2.2,"weight": 10,"blendMode": "AddAverage"},
            {"code": "idle","animation": "Idle","animationSpeed": 0.5,"blendMode": "AddAverage","easeOutSpeed": 4,"triggeredBy": {"defaultAnim": true}},
            {"code": "look","animation": "Look","blendMode": "AddAverage","easeOutSpeed": 0.25},
            {"code": "alert","animation": "Alert","animationSpeed": 1.2,"weight": 10,"blendMode": "AddAverage"},
            {"code": "roar","animation": "Roar","animationSpeed": 2.2,"weight": 10,"blendMode": "AddAverage"},
            {"code": "sit","animation": "Sit","easeInSpeed": 0.1,"easeOutSpeed": 0.5,"blendMode": "Average"},
            {"code": "lie","animation": "Lie","easeInSpeed": 0.1,"easeOutSpeed": 0.5,"weight": 10,"blendMode": "Average"},
            {"code": "sleep","animation": "Sleep","easeInSpeed": 2,"easeOutSpeed": 2,"weight": 5,"blendMode": "Average"},
            {"code": "swim","animation": "Swim","supressDefaultAnimation": true,"blendMode": "Average"},
            {"code": "walk","animation": "Walk","easeInSpeed": 1,"supressDefaultAnimation": true,"blendMode": "Average"},
            {"code": "leap","animation": "Leap","animationSpeed": 1.2,"weight": 10,"blendMode": "AddAverage"},
        ]
    },
    "server": {
		"attributes": {"pathfinder": {"minTurnAnglePerSec": 350,"maxTurnAnglePerSec": 650}},
        "behaviors": [
			{"code": "rideable", "enabledByType": {  "*-baby-*": false, "*": true},"minGeneration": 10 },
			{"code": "selectionboxes", "enabledByType": {  "*-baby-*": false, "*": true},"minGeneration": 10 },
			{"code": "ownable", "enabledByType": { "*-baby-*": false,"*": true},"minGeneration": 10 },
			{"code": "rideableaccessories", "enabledByType": {  "*-baby-*": false, "*": true},"minGeneration": 10 },
            {"code": "repulseagents" },
            {"code": "controlledphysics","stepHeightByType":
				{
				"*-baby-*":1.1251,
				"*-tyrannosaurus-adult-*": 2.5,
				"*-tarbosaurus-adult-*": 2.5,
				"*-nanuqsaurus-adult-*": 2,
				"*-albertosaurus-adult-*": 2,
				"*-gorgosaurus-adult-*": 2,
				"*-alioramus-adult-*": 1.5,
				"*-qianzhousaurus-adult-*": 2,
				"*-zhuchengtyrannus-adult-*": 2.5,
				"*-bistahieversor-adult-*": 2.0,
				"*-thanatotheristes-adult-*": 2.0,
				"*-teratophoneus-adult-*": 2.0,
				"*-dynamoterror-adult-*": 2.0,
				}
			},
            {"code": "despawn","minPlayerDistance": 8,"belowLightLevel": 8,"minSeconds": 300},
            {"code": "floatupwhenstuck","onlyWhenDead": true},
            {"code": "breathe"},
            {"code": "health",
                    "maxhealthByType": {
                        "*-tyrannosaurus-adult-male": 250,"*-tyrannosaurus-adult-female": 240,"*-tyrannosaurus-baby-*": 10,
                        "*-tarbosaurus-adult-male": 230,"*-tarbosaurus-adult-female": 220,"*-tarbosaurus-baby-*": 9,
                        "*-nanuqsaurus-adult-male": 175,"*-nanuqsaurus-adult-female": 165,"*-nanuqsaurus-baby-*": 5,
                        "*-albertosaurus-adult-male": 220,"*-albertosaurus-adult-female": 210,"*-albertosaurus-baby-*": 8.5,
                        "*-gorgosaurus-adult-male": 210,"*-gorgosaurus-adult-female": 200,"*-gorgosaurus-baby-*": 8,
                        "*-alioramus-adult-male": 165,"*-alioramus-adult-female": 155,"*-alioramus-baby-*": 4.5,
                        "*-qianzhousaurus-adult-male": 210,"*-qianzhousaurus-adult-female": 200,"*-qianzhousaurus-baby-*": 8,
						"*-zhuchengtyrannus-adult-male": 230.0,"*-zhuchengtyrannus-adult-female": 220.0,"*-zhuchengtyrannus-baby-*": 9,
						"*-bistahieversor-adult-male": 220.0,"*-bistahieversor-adult-female": 210.0,"*-bistahieversor-baby-*": 8.5,
						"*-thanatotheristes-adult-male": 210.0,"*-thanatotheristes-adult-female": 200.0,"*-thanatotheristes-baby-*": 8,
						"*-teratophoneus-adult-male": 175.0,"*-teratophoneus-adult-female": 165.0,"*-teratophoneus-baby-*": 5,
						"*-dynamoterror-adult-male": 175.0,"*-dynamoterror-adult-female": 165.0,"*-dynamoterror-baby-*": 5,
                    }
			},
            {"code": "deaddecay","hoursToDecay": 96,"decayedBlockByType": {"*-adult-*": "carcass-large","*-baby-*": "carcass-small"}},
            {"code": "harvestable",
				"quantitySlots": 8,
				"drops": [
					{
						"type": "item",
						"code": "game:bushmeat-raw",
						"quantityByType": {
							"*-tyrannosaurus-adult-*": {"avg": 200,"var": 10}, "*-tyrannosaurus-baby-*": {"avg": 5,"var": 1},
							"*-tarbosaurus-adult-*": {"avg": 180,"var": 10}, "*-tarbosaurus-baby-*": {"avg": 4,"var": 1},
							"*-nanuqsaurus-adult-*": {"avg": 160,"var": 10}, "*-nanuqsaurus-baby-*": {"avg": 4,"var": 1},
							"*-albertosaurus-adult-*": {"avg": 170,"var": 10}, "*-albertosaurus-baby-*": {"avg": 4,"var": 1},
							"*-gorgosaurus-adult-*": {"avg": 165,"var": 10}, "*-gorgosaurus-baby-*": {"avg": 4,"var": 1},
							"*-alioramus-adult-*": {"avg": 155,"var": 10}, "*-alioramus-baby-*": {"avg": 3,"var": 1},
							"*-qianzhousaurus-adult-*": {"avg": 165,"var": 10}, "*-qianzhousaurus-baby-*": {"avg": 4,"var": 1},
							"*-zhuchengtyrannus-adult-*": {"avg": 180.0,"var": 10}, "*-zhuchengtyrannus-baby-*": {"avg": 4.0,"var": 1},
							"*-bistahieversor-adult-*": {"avg": 170.0,"var": 10}, "*-bistahieversor-baby-*": {"avg": 4.0,"var": 1},
							"*-thanatotheristes-adult-*": {"avg": 160.0,"var": 10}, "*-thanatotheristes-baby-*": {"avg": 4.0,"var": 1},
							"*-teratophoneus-adult-*": {"avg": 165.0,"var": 10}, "*-teratophoneus-baby-*": {"avg": 4.0,"var": 1},
							"*-dynamoterror-adult-*": {"avg": 165.0,"var": 10}, "*-dynamoterror-baby-*": {"avg": 4.0,"var": 1},
						}
					},
					{
						"type": "item",
						"code": "game:fat",
						"quantityByType": {
							"*-tyrannosaurus-adult-*": {"avg": 30,"var": 5}, "*-tyrannosaurus-baby-*": {"avg": 1,"var": 1},
							"*-tarbosaurus-adult-*": {"avg": 28,"var": 5}, "*-tarbosaurus-baby-*": {"avg": 1,"var": 1},
							"*-nanuqsaurus-adult-*": {"avg": 15,"var": 5}, "*-nanuqsaurus-baby-*": {"avg": 1,"var": 1},
							"*-albertosaurus-adult-*": {"avg": 27,"var": 5}, "*-albertosaurus-baby-*": {"avg": 1,"var": 1},
							"*-gorgosaurus-adult-*": {"avg": 26,"var": 5}, "*-gorgosaurus-baby-*": {"avg": 1,"var": 1},
							"*-alioramus-adult-*": {"avg": 26,"var": 5}, "*-alioramus-baby-*": {"avg": 1,"var": 1},
							"*-qianzhousaurus-adult-*": {"avg": 26,"var": 5}, "*-qianzhousaurus-baby-*": {"avg": 1,"var": 1},
							"*-zhuchengtyrannus-adult-*": {"avg": 28.0,"var": 5}, "*-zhuchengtyrannus-baby-*": {"avg": 1,"var": 1},
							"*-bistahieversor-adult-*": {"avg": 27.0,"var": 5}, "*-bistahieversor-baby-*": {"avg": 1,"var": 1},
							"*-thanatotheristes-adult-*": {"avg": 26.0,"var": 5}, "*-thanatotheristes-baby-*": {"avg": 1,"var": 1},
							"*-teratophoneus-adult-*": {"avg": 20.0,"var": 5}, "*-teratophoneus-baby-*": {"avg": 1,"var": 1},
							"*-dynamoterror-adult-*": {"avg": 15.0,"var": 5}, "*-dynamoterror-baby-*": {"avg": 1,"var": 1},
						}
					},
					{
						"type": "item",
						"code": "game:hide-raw-huge",
						"quantityByType": {
							"*-baby-*": {"avg": 0,"var": 0},
							"*-tyrannosaurus-adult-*": {"avg": 10,"var": 0},
							"*-tarbosaurus-adult-*": {"avg": 8,"var": 0},
							"*-nanuqsaurus-adult-*": {"avg": 5,"var": 0},
							"*-albertosaurus-adult-*": {"avg": 7,"var": 0},
							"*-gorgosaurus-adult-*": {"avg": 6,"var": 0},
							"*-alioramus-adult-*": {"avg": 4,"var": 0},
							"*-qianzhousaurus-adult-*": {"avg": 6,"var": 0},
							"*-zhuchengtyrannus-adult-*": {"avg": 8.0,"var": 0},
							"*-bistahieversor-adult-*": {"avg": 7.0,"var": 0},
							"*-thanatotheristes-adult-*": {"avg": 6.0,"var": 0},
							"*-teratophoneus-adult-*": {"avg": 5.0,"var": 0},
							"*-dynamoterror-adult-*": {"avg": 5.0,"var": 0},
						}
					},
					{
						"type": "item",
						"code": "game:hide-raw-small",
						"quantityByType": {
							"*-baby-*": {"avg": 1.0,"var": 0.0},
							"*": {"avg": 0.0,"var": 0.0}
						}
					},
					{
						"type": "item",
						"code": "game:feather",
						"quantityByType": {
							"*-baby-*": {"avg": 12.0,"var": 2.0},
							"*-nanuqsaurus-adult-*": {"avg": 20,"var": 4},
							"*-gorgosaurus-adult-*": {"avg": 15,"var": 4},
							"*-qianzhousaurus-adult-*": {"avg": 15,"var": 4},
							"*-zhuchengtyrannus-adult-*": {"avg": 15,"var": 4},
							"*-dynamoterror-adult-*": {"avg": 15,"var": 4},
							"*-teratophoneus-adult-*": {"avg": 15,"var": 4},
							"*": {"avg": 0.0,"var": 0.0}
						}
					}
				]
			},
			{"code": "multiply",
				"enabledByType": {
					"*-adult-female": true,
					"*": false
				},
				"spawnEntityCodesByType": {
					"*": [ { "code":"tyrannosauridae:tyrannosauridae-{type}-egg-raw"}]},
				"requiresNearbyEntityCodeByType": {
					"*": "tyrannosauridae:tyrannosauridae-{type}-adult-male"},
				"eatAnyway": true,
				"requiresNearbyEntityRange": 20,
				"spawnQuantityMin": 6,
				"spawnQuantityMaxByType": {"*": 12},
				"pregnancyDaysByType": {"*": 30},
				"multiplyCooldownDaysMinByType": {"*": 30},
				"multiplyCooldownDaysMaxByType": {"*": 70},
				"portionsEatenForMultiplyByType": {
					"*-tyrannosaurus-*": 30,
					"*-tarbosaurus-*": 24,
					"*-nanuqsaurus-*": 15,
					"*-albertosaurus-*": 21,
					"*-gorgosaurus-*": 18,
					"*-alioramus-*": 14,
					"*-qianzhousaurus-*": 18,
					"*-zhuchengtyrannus-adult-*":24,
					"*-bistahieversor-adult-*":21,
					"*-thanatotheristes-adult-*":18,
					"*-teratophoneus-adult-*":15,
					"*-dynamoterror-adult-*":15,
				}
			},
            {"code": "grow",
					"enabledByType": {
					"*-baby-*": true,
					"*": false
				},
				"hoursToGrowByType": {
					"*-tyrannosaurus-*": 900,
					"*-tarbosaurus-*": 700,
					"*-nanuqsaurus-*": 400,
					"*-albertosaurus-*": 600,
					"*-gorgosaurus-*": 500,
					"*-alioramus-*": 350,
					"*-qianzhousaurus-*": 500,
					"*-zhuchengtyrannus-adult-*":700.0,
					"*-bistahieversor-adult-*":600.0,
					"*-thanatotheristes-adult-*":500.0,
					"*-teratophoneus-adult-*":400.0,
					"*-dynamoterror-adult-*":400.0,
				},
				"adultEntityCodesByType": {
					"*-baby-male": ["tyrannosauridae:tyrannosauridae-{type}-adult-male"],
					"*-baby-female": ["tyrannosauridae:tyrannosauridae-{type}-adult-female"]
				}
			},
			{"code": "emotionstates",
				"states": [
					{"code": "aggressiveondamage","duration": 60,"chanceByType": {"*-adult-*": 1,"*-baby-*": 0.5},"slot": 3,"priority": 3,"accumType": "noaccum"},
					{"code": "fleeondamage","duration": 60,"slot": 1,"chanceByType": {"*-adult-*": 1,"*-baby-*": 0},"priority": 2,"accumType": "max","whenHealthRelBelow": 0.3},
					{"code": "fleeondamage","duration": 30,"slot": 1,"chanceByType": {"*-adult-*": 0,"*-baby-*": 1},"priority": 0.75,"accumType": "max","whenHealthRelBelow": 0.5},
					{"code": "saturated","duration": 1200,"chance": 1,"slot": 0,"priority": 1,"accumType": "sum"},
					{ "code": "aggressivearoundentities", "duration": 60, "chanceByType": {"*-baby-*": 0.0,"*-adult-*": 1.0}, "slot": 2, "priority": 5, "entityCodes": ["tyrannosauridae:tyrannosauridae-{type}-baby-male","tyrannosauridae:tyrannosauridae-{type}-baby-female"], "maxGeneration": 5 }
				]
			},
			{"code": "taskai",
				"aiCreatureType": "LandCreature",
				"aitasks": [
					{
                        "code": "meleeattack",
                        "animation": "Attack",
                        "entityCodesByType": {
							"*-adult-*":
								[
									"player", "bear-*","chicken-*", "deer-*","drifter-*", "fox-*", "gazelle-*", "goat-*","hare-*","hyena-*", "moose-*", "pig-*", "raccoon-*", "sheep-*","tameddeer-*", "wolf-*",

									"lure-*", "hitch",

									"ceratopsidae-*","spinosauridae-*","ankylosauria-*", "macronaria-*","dromaeosauridae-*","hadrosauroidea-*", "abelisauridae-*","pachycephalosauria-*",

									"cervidae-*", "elephantidae-*", "dinornithidae-*", "pantherinae-*", "caninae-*", "cervinae-*", "bovinae-*", "felinae-*", "rhinocerotidae-*", "machairodontinae-*", "vombatidae-*", "ursidae-*", "capreolinae-*",
									"capercaillie-*","goldenpheasant-*","pheasant-*", "wildturkey-*", "bison-*", "cockatrice-*", "direwolf-*", "faunling-*", "foal-*", "geodecrab-*", "giraffe", "golem-*", "hellboar-*", "horse-*", "ostrich-*", "scorpion-*", "spider-*", "tame-*", "toad-*", "chelonoidis-*"
								],
							"*-baby-*":
								[
									"player","chicken-*","gazelle-*","goat-*","sheep-*","pig-*","hare-*","deer-*","raccoon-*","moose-*","wolf-pup",

									"*-baby-*","lure-*",

									"cervidae-*", "cervinae-*", "bovinae-*", "capreolinae-*", "dinornithidae-*",
									"capercaillie-*","goldenpheasant-*","pheasant-*", "wildturkey-*", "bison-*", "cockatrice-*", "faunling-*", "foal-*", "geodecrab-*", "ostrich-*", "scorpion-*", "spider-*", "tame-*", "toad-*", "chelonoidis-*",
								],

							},
                        "priority": 1.9,
                        "slot": 1,
                        "damageByType": {
							"*-tyrannosaurus-adult-male": 30,"*-tyrannosaurus-adult-female": 29,"*-tyrannosaurus-baby-*": 5,
							"*-tarbosaurus-adult-male": 28,"*-tarbosaurus-adult-": 27,"*-tarbosaurus-baby-*": 4,
							"*-nanuqsaurus-adult-male": 22,"*-nanuqsaurus-adult-female": 21,"*-nanuqsaurus-baby-*": 2.5,
							"*-albertosaurus-adult-male": 26,"*-albertosaurus-adult-female": 25,"*-albertosaurus-baby-*": 3,
							"*-gorgosaurus-adult-male": 24,"*-gorgosaurus-adult-female": 23,"*-gorgosaurus-baby-*": 3,
							"*-alioramus-adult-male": 20,"*-alioramus-adult-female": 19,"*-alioramus-baby-*": 2,
							"*-qianzhousaurus-adult-male": 24,"*-qianzhousaurus-adult-female": 23,"*-qianzhousaurus-baby-*": 3,
							"*-zhuchengtyrannus-adult-male": 28.0,"*-zhuchengtyrannus-adult-female": 27,"*-zhuchengtyrannus-baby-*": 4,
							"*-bistahieversor-adult-male": 26.0,"*-bistahieversor-adult-female": 25,"*-bistahieversor-baby-*": 3,
							"*-thanatotheristes-adult-male": 24.0,"*-thanatotheristes-adult-female": 23,"*-thanatotheristes-baby-*": 3,
							"*-teratophoneus-adult-male": 22.0,"*-teratophoneus-adult-female": 21,"*-teratophoneus-baby-*": 2.5,
							"*-dynamoterror-adult-male": 22.0,"*-dynamoterror-adult-female": 21,"*-dynamoterror-baby-*": 2.5,

                        },
                        "damageType": "SlashingAttack",
                        "knockbackStrengthByType": {
							"*-baby-*":1,
							"*-adult-*": 2,
							},
                        "damageTierByType": {
							"*-baby-*":1,
							"*-tyrannosaurus-adult-*": 4,
							"*-tarbosaurus-adult-*": 4,
							"*-nanuqsaurus-adult-*": 3,
							"*-albertosaurus-adult-*": 3,
							"*-gorgosaurus-adult-*": 3,
							"*-alioramus-adult-*": 2,
							"*-qianzhousaurus-adult-*": 3,
							"*-zhuchengtyrannus-adult-*": 4,
							"*-bistahieversor-adult-*": 3,
							"*-thanatotheristes-adult-*": 3,
							"*-teratophoneus-adult-*": 3,
							"*-dynamoterror-adult-*": 3,
							},
                        "mincooldown": 1250,
                        "maxcooldown": 1500,
                        "minDistByType": {
							"*-baby-*":1,
							"*-adult-*": 5,
							},
                        "minVerDistByType": {
							"*-baby-*":1,
							"*-adult-*": 4,
							},
                        "attackAngleRangeDeg": 180,
                        "attackDurationMs": 1250,
                        "damagePlayerAtMs": 500,
                        "animationSpeed": 1,
                        "soundByType": {"*-adult-*":"creature/roar_attack","*-baby-*":"creature/idle-baby",},
					},
					{
						"code": "seekentity",
						"animation": "Run",
						"entityCodesByType": {
							"*-adult-*":[
											"player", "bear-*","chicken-*", "deer-*","drifter-*", "fox-*", "gazelle-*", "goat-*","hare-*","hyena-*", "moose-*", "pig-*", "raccoon-*", "sheep-*","tameddeer-*", "wolf-*",

											"ceratopsidae-*", "spinosauridae-*","ankylosauria-*","dromaeosauridae-*","hadrosauroidea-*", "abelisauridae-*", "pachycephalosauria-*",

											"macronaria-argentinosaurus-baby-*","macronaria-patagotitan-baby-*","macronaria-dreadnoughtus-baby-*","macronaria-futalognkosaurus-baby-*","macronaria-brachiosaurus-baby-*","macronaria-giraffatitan-baby-*","macronaria-diamantinasaurus-baby-*","macronaria-europatitan-baby-*","macronaria-antarctosaurus-baby-*","macronaria-ruyangosaurus-baby-*","macronaria-camarasaurus-baby-*","macronaria-bruhathkayosaurus-baby-*","macronaria-malawisaurus-baby-*","macronaria-rapetosaurus-baby-*","macronaria-ampelosaurus-baby-*",

											"macronaria-malawisaurus-adult-*","macronaria-rapetosaurus-adult-*","macronaria-ampelosaurus-adult-*",

											"cervidae-*", "elephantidae-*", "dinornithidae-*", "pantherinae-*", "caninae-*", "cervinae-*", "bovinae-*", "felinae-*", "rhinocerotidae-*", "machairodontinae-*", "vombatidae-*", "ursidae-*", "capreolinae-*",
											"capercaillie-*","goldenpheasant-*","pheasant-*", "wildturkey-*", "bison-*", "cockatrice-*", "direwolf-*", "faunling-*", "foal-*", "giraffe", "hellboar-*", "horse-*", "ostrich-*",  "tame-*",
											"chelonoidis-*",
										],
							"*-baby-*":[
											"player","chicken-*","gazelle-*","goat-*","sheep-*","pig-*","hare-*","deer-*","raccoon-*","moose-*","wolf-pup",

											"ceratopsidae-triceratops-baby-*","ceratopsidae-torosaurus-baby-*","ceratopsidae-pentaceratops-baby-*","ceratopsidae-pachyrhinosaurus-baby-*","ceratopsidae-styracosaurus-baby-*","ceratopsidae-centrosaurus-baby-*","ceratopsidae-xenoceratops-baby-*","ceratopsidae-machairoceratops-baby-*","ceratopsidae-nedoceratops-baby-*","ceratopsidae-sinoceratops-baby-*","ceratopsidae-regaliceratops-baby-*","ceratopsidae-nasutoceratops-baby-*","ceratopsidae-leptoceratops-baby-*","ceratopsidae-protoceratops-baby-*","ceratopsidae-ajkaceratops-baby-*",


											"macronaria-argentinosaurus-baby-*","macronaria-patagotitan-baby-*","macronaria-dreadnoughtus-baby-*","macronaria-futalognkosaurus-baby-*","macronaria-brachiosaurus-baby-*","macronaria-giraffatitan-baby-*","macronaria-diamantinasaurus-baby-*","macronaria-europatitan-baby-*","macronaria-antarctosaurus-baby-*","macronaria-ruyangosaurus-baby-*","macronaria-camarasaurus-baby-*","macronaria-bruhathkayosaurus-baby-*","macronaria-malawisaurus-baby-*","macronaria-rapetosaurus-baby-*","macronaria-ampelosaurus-baby-*",

											"ankylosauria-ankylosaurus-baby-*","ankylosauria-tarchia-baby-*","ankylosauria-euoplocephalus-baby-*","ankylosauria-edmontonia-baby-*","ankylosauria-ankylosaurus-baby-*","ankylosauria-pinacosaurus-baby-*","ankylosauria-antarctopelta-baby-*","ankylosauria-struthiosaurus-baby-*",

											"spinosauridae-spinosaurus-baby-*", "spinosauridae-oxalaia-baby-*", "spinosauridae-suchomimus-baby-*", "spinosauridae-baryonyx-baby-*", "spinosauridae-ichthyovenator-baby-*","spinosauridae-irritator-baby-*",

											"dromaeosauridae-utahraptor-baby-*","dromaeosauridae-dakotaraptor-baby-*","dromaeosauridae-achillobator-baby-*","dromaeosauridae-austroraptor-baby-*","dromaeosauridae-deinonychus-baby-*","dromaeosauridae-dromaeosaurus-baby-*","dromaeosauridae-adasaurus-baby-*","dromaeosauridae-velociraptor-baby-*","dromaeosauridae-saurornitholestes-baby-*","dromaeosauridae-atrociraptor-baby-*","dromaeosauridae-pyroraptor-baby-*","dromaeosauridae-buitreraptor-baby-*","dromaeosauridae-microraptor-baby-*","dromaeosauridae-rahonavis-baby-*",

											"hadrosauroidea-shangtungosaurus-baby-*","hadrosauroidea-magnapaulia-baby-*","hadrosauroidea-edmontosaurus-baby-*","hadrosauroidea-hadrosaurus-baby-*","hadrosauroidea-saurolophus-baby-*","hadrosauroidea-hypacrosaurus-baby-*","hadrosauroidea-parasaurolophus-baby-*","hadrosauroidea-charonosaurus-baby-*","hadrosauroidea-olorotitan-baby-*","hadrosauroidea-hypsibema-baby-*","hadrosauroidea-gryposaurus-baby-*","hadrosauroidea-lambeosaurus-baby-*","hadrosauroidea-brachylophosaurus-baby-*","hadrosauroidea-corythosaurus-baby-*","hadrosauroidea-maiasaura-baby-*","hadrosauroidea-barsboldia-baby-*","hadrosauroidea-amurosaurus-baby-*","hadrosauroidea-arenysaurus-baby-*","hadrosauroidea-bonapartesaurus-baby-*","hadrosauroidea-pararhabdodon-baby-*","hadrosauroidea-telmatosaurus-baby-*","hadrosauroidea-secernosaurus-baby-*","hadrosauroidea-probactrosaurus-baby-*","hadrosauroidea-acristavus-baby-*","hadrosauroidea-kazaklambia-baby-*","hadrosauroidea-tanius-baby-*","hadrosauroidea-canardia-baby-*",

											"abelisauridae-pycnonemosaurus-baby-*","abelisauridae-ekrixinatosaurus-baby-*","abelisauridae-carnotaurus-baby-*","abelisauridae-chenanisaurus-baby-*","abelisauridae-rajasaurus-baby-*","abelisauridae-abelisaurus-baby-*","abelisauridae-majungasaurus-baby-*","abelisauridae-skorpiovenator-baby-*","abelisauridae-xenotarsosaurus-baby-*","abelisauridae-rahiolisaurus-baby-*","abelisauridae-arcovenator-baby-*","abelisauridae-rugops-baby-*","abelisauridae-aucasaurus-baby-*","abelisauridae-dahalokely-baby-*","abelisauridae-ilokelesia-baby-*","abelisauridae-viavenator-baby-*","abelisauridae-tarascosaurus-baby-*","abelisauridae-thanos-baby-*",

											"pachycephalosauria-pachycephalosaurus-baby-*","pachycephalosauria-platytholus-baby-*","pachycephalosauria-prenocephale-baby-*","pachycephalosauria-stegoceras-baby-*","pachycephalosauria-hanssuesia-baby-*","pachycephalosauria-sinocephale-baby-*","pachycephalosauria-sphaerotholus-baby-*","pachycephalosauria-tylocephale-baby-*","pachycephalosauria-homalocephale-baby-*","pachycephalosauria-acrotholus-baby-*","pachycephalosauria-goyocephale-baby-*","pachycephalosauria-foraminacephale-baby-*","pachycephalosauria-alaskacephale-baby-*","pachycephalosauria-colepiocephale-baby-*","pachycephalosauria-amtocephale-baby-*","pachycephalosauria-wannanosaurus-baby-*",

											"cervidae-*", "cervinae-*", "bovinae-*", "capreolinae-*", "dinornithidae-*",
											"capercaillie-*","goldenpheasant-*","pheasant-*", "wildturkey-*", "bison-*", "cockatrice-*", "faunling-*", "foal-*", "geodecrab-*", "ostrich-*", "scorpion-*", "spider-*", "tame-*", "toad-*", "chelonoidis-*",
									],
							},
						"priority": 1.82,
						"seekingRange": 50,
						"belowTempSeekingRange": 30,
						"movespeedByType": {
							"*-baby-*":0.035,
							"*-tyrannosaurus-adult-*":0.065,
							"*-tarbosaurus-adult-*": 0.07,
							"*-nanuqsaurus-adult-*": 0.085,
							"*-albertosaurus-adult-*": 0.075,
							"*-gorgosaurus-adult-*": 0.08,
							"*-alioramus-adult-*": 0.09,
							"*-qianzhousaurus-adult-*": 0.08,
							"*-zhuchengtyrannus-adult-*": 0.07,
							"*-bistahieversor-adult-*": 0.075,
							"*-thanatotheristes-adult-*": 0.08,
							"*-teratophoneus-adult-*": 0.085,
							"*-dynamoterror-adult-*": 0.085,
						},
						"animationSpeedByType": {
							"*-baby-*":2.5,
							"*-tyrannosaurus-adult-*":1.7,
							"*-tarbosaurus-adult-*": 1.8,
							"*-nanuqsaurus-adult-*": 1.95,
							"*-albertosaurus-adult-*": 1.9,
							"*-gorgosaurus-adult-*": 1.85,
							"*-alioramus-adult-*": 2,
							"*-qianzhousaurus-adult-*": 1.85,
							"*-zhuchengtyrannus-adult-*": 1.8,
							"*-bistahieversor-adult-*": 1.85,
							"*-thanatotheristes-adult-*": 1.9,
							"*-teratophoneus-adult-*": 1.95,
							"*-dynamoterror-adult-*": 1.95,
						},
						"soundByType": {"*-tyrannosaurus-adult-*":"creature/stomp","*-tarbosaurus-adult-*":"creature/stomp"},
						"whenNotInEmotionState": "saturated",
						"leapAtTargetByType":{
							"*-baby-*":true,
							"*-adult-*":false,
                        },
						"leapAnimation":"Leap",
					},
					{
						"code": "seekentity",
						"animation": "Run",
						"entityCodesByType": {
							"*-adult-*":[
											"player", "bear-*","chicken-*", "deer-*","drifter-*", "fox-*", "gazelle-*", "goat-*","hare-*","hyena-*", "moose-*", "pig-*", "raccoon-*", "sheep-*","tameddeer-*", "wolf-*",

											"ceratopsidae-*", "spinosauridae-*","ankylosauria-*","dromaeosauridae-*","hadrosauroidea-*", "abelisauridae-*", "pachycephalosauria-*",

											"macronaria-argentinosaurus-baby-*","macronaria-patagotitan-baby-*","macronaria-dreadnoughtus-baby-*","macronaria-futalognkosaurus-baby-*","macronaria-brachiosaurus-baby-*","macronaria-giraffatitan-baby-*","macronaria-diamantinasaurus-baby-*","macronaria-europatitan-baby-*","macronaria-antarctosaurus-baby-*","macronaria-ruyangosaurus-baby-*","macronaria-camarasaurus-baby-*","macronaria-bruhathkayosaurus-baby-*","macronaria-malawisaurus-baby-*","macronaria-rapetosaurus-baby-*","macronaria-ampelosaurus-baby-*",

											"macronaria-malawisaurus-adult-*","macronaria-rapetosaurus-adult-*","macronaria-ampelosaurus-adult-*",

											"cervidae-*", "elephantidae-*", "dinornithidae-*", "pantherinae-*", "caninae-*", "cervinae-*", "bovinae-*", "felinae-*", "rhinocerotidae-*", "machairodontinae-*", "vombatidae-*", "ursidae-*", "capreolinae-*",
											"capercaillie-*","goldenpheasant-*","pheasant-*", "wildturkey-*", "bison-*", "cockatrice-*", "direwolf-*", "faunling-*", "foal-*", "giraffe", "hellboar-*", "horse-*", "ostrich-*",  "tame-*",
											"chelonoidis-*",
										],
							"*-baby-*":[
											"player","chicken-*","gazelle-*","goat-*","sheep-*","pig-*","hare-*","deer-*","raccoon-*","moose-*","wolf-pup",

											"ceratopsidae-triceratops-baby-*","ceratopsidae-torosaurus-baby-*","ceratopsidae-pentaceratops-baby-*","ceratopsidae-pachyrhinosaurus-baby-*","ceratopsidae-styracosaurus-baby-*","ceratopsidae-centrosaurus-baby-*","ceratopsidae-xenoceratops-baby-*","ceratopsidae-machairoceratops-baby-*","ceratopsidae-nedoceratops-baby-*","ceratopsidae-sinoceratops-baby-*","ceratopsidae-regaliceratops-baby-*","ceratopsidae-nasutoceratops-baby-*","ceratopsidae-leptoceratops-baby-*","ceratopsidae-protoceratops-baby-*","ceratopsidae-ajkaceratops-baby-*",


											"macronaria-argentinosaurus-baby-*","macronaria-patagotitan-baby-*","macronaria-dreadnoughtus-baby-*","macronaria-futalognkosaurus-baby-*","macronaria-brachiosaurus-baby-*","macronaria-giraffatitan-baby-*","macronaria-diamantinasaurus-baby-*","macronaria-europatitan-baby-*","macronaria-antarctosaurus-baby-*","macronaria-ruyangosaurus-baby-*","macronaria-camarasaurus-baby-*","macronaria-bruhathkayosaurus-baby-*","macronaria-malawisaurus-baby-*","macronaria-rapetosaurus-baby-*","macronaria-ampelosaurus-baby-*",

											"ankylosauria-ankylosaurus-baby-*","ankylosauria-tarchia-baby-*","ankylosauria-euoplocephalus-baby-*","ankylosauria-edmontonia-baby-*","ankylosauria-ankylosaurus-baby-*","ankylosauria-pinacosaurus-baby-*","ankylosauria-antarctopelta-baby-*","ankylosauria-struthiosaurus-baby-*",

											"spinosauridae-spinosaurus-baby-*", "spinosauridae-oxalaia-baby-*", "spinosauridae-suchomimus-baby-*", "spinosauridae-baryonyx-baby-*", "spinosauridae-ichthyovenator-baby-*","spinosauridae-irritator-baby-*",

											"dromaeosauridae-utahraptor-baby-*","dromaeosauridae-dakotaraptor-baby-*","dromaeosauridae-achillobator-baby-*","dromaeosauridae-austroraptor-baby-*","dromaeosauridae-deinonychus-baby-*","dromaeosauridae-dromaeosaurus-baby-*","dromaeosauridae-adasaurus-baby-*","dromaeosauridae-velociraptor-baby-*","dromaeosauridae-saurornitholestes-baby-*","dromaeosauridae-atrociraptor-baby-*","dromaeosauridae-pyroraptor-baby-*","dromaeosauridae-buitreraptor-baby-*","dromaeosauridae-microraptor-baby-*","dromaeosauridae-rahonavis-baby-*",

											"hadrosauroidea-shangtungosaurus-baby-*","hadrosauroidea-magnapaulia-baby-*","hadrosauroidea-edmontosaurus-baby-*","hadrosauroidea-hadrosaurus-baby-*","hadrosauroidea-saurolophus-baby-*","hadrosauroidea-hypacrosaurus-baby-*","hadrosauroidea-parasaurolophus-baby-*","hadrosauroidea-charonosaurus-baby-*","hadrosauroidea-olorotitan-baby-*","hadrosauroidea-hypsibema-baby-*","hadrosauroidea-gryposaurus-baby-*","hadrosauroidea-lambeosaurus-baby-*","hadrosauroidea-brachylophosaurus-baby-*","hadrosauroidea-corythosaurus-baby-*","hadrosauroidea-maiasaura-baby-*","hadrosauroidea-barsboldia-baby-*","hadrosauroidea-amurosaurus-baby-*","hadrosauroidea-arenysaurus-baby-*","hadrosauroidea-bonapartesaurus-baby-*","hadrosauroidea-pararhabdodon-baby-*","hadrosauroidea-telmatosaurus-baby-*","hadrosauroidea-secernosaurus-baby-*","hadrosauroidea-probactrosaurus-baby-*","hadrosauroidea-acristavus-baby-*","hadrosauroidea-kazaklambia-baby-*","hadrosauroidea-tanius-baby-*","hadrosauroidea-canardia-baby-*",

											"abelisauridae-pycnonemosaurus-baby-*","abelisauridae-ekrixinatosaurus-baby-*","abelisauridae-carnotaurus-baby-*","abelisauridae-chenanisaurus-baby-*","abelisauridae-rajasaurus-baby-*","abelisauridae-abelisaurus-baby-*","abelisauridae-majungasaurus-baby-*","abelisauridae-skorpiovenator-baby-*","abelisauridae-xenotarsosaurus-baby-*","abelisauridae-rahiolisaurus-baby-*","abelisauridae-arcovenator-baby-*","abelisauridae-rugops-baby-*","abelisauridae-aucasaurus-baby-*","abelisauridae-dahalokely-baby-*","abelisauridae-ilokelesia-baby-*","abelisauridae-viavenator-baby-*","abelisauridae-tarascosaurus-baby-*","abelisauridae-thanos-baby-*",

											"pachycephalosauria-pachycephalosaurus-baby-*","pachycephalosauria-platytholus-baby-*","pachycephalosauria-prenocephale-baby-*","pachycephalosauria-stegoceras-baby-*","pachycephalosauria-hanssuesia-baby-*","pachycephalosauria-sinocephale-baby-*","pachycephalosauria-sphaerotholus-baby-*","pachycephalosauria-tylocephale-baby-*","pachycephalosauria-homalocephale-baby-*","pachycephalosauria-acrotholus-baby-*","pachycephalosauria-goyocephale-baby-*","pachycephalosauria-foraminacephale-baby-*","pachycephalosauria-alaskacephale-baby-*","pachycephalosauria-colepiocephale-baby-*","pachycephalosauria-amtocephale-baby-*","pachycephalosauria-wannanosaurus-baby-*",

											"cervidae-*", "cervinae-*", "bovinae-*", "capreolinae-*", "dinornithidae-*",
											"capercaillie-*","goldenpheasant-*","pheasant-*", "wildturkey-*", "bison-*", "cockatrice-*", "faunling-*", "foal-*", "geodecrab-*", "ostrich-*", "scorpion-*", "spider-*", "tame-*", "toad-*", "chelonoidis-*",
									],
							},
						"priority": 1.82,
						"seekingRange": 50,
						"belowTempSeekingRange": 30,
						"movespeedByType": {
							"*-baby-*":0.035,
							"*-tyrannosaurus-adult-*":0.065,
							"*-tarbosaurus-adult-*": 0.07,
							"*-nanuqsaurus-adult-*": 0.085,
							"*-albertosaurus-adult-*": 0.075,
							"*-gorgosaurus-adult-*": 0.08,
							"*-alioramus-adult-*": 0.09,
							"*-qianzhousaurus-adult-*": 0.08,
							"*-zhuchengtyrannus-adult-*": 0.07,
							"*-bistahieversor-adult-*": 0.075,
							"*-thanatotheristes-adult-*": 0.08,
							"*-teratophoneus-adult-*": 0.085,
							"*-dynamoterror-adult-*": 0.085,
						},
						"animationSpeedByType": {
							"*-baby-*":2.5,
							"*-tyrannosaurus-adult-*":1.7,
							"*-tarbosaurus-adult-*": 1.8,
							"*-nanuqsaurus-adult-*": 1.95,
							"*-albertosaurus-adult-*": 1.9,
							"*-gorgosaurus-adult-*": 1.85,
							"*-alioramus-adult-*": 2,
							"*-qianzhousaurus-adult-*": 1.85,
							"*-zhuchengtyrannus-adult-*": 1.8,
							"*-bistahieversor-adult-*": 1.85,
							"*-thanatotheristes-adult-*": 1.9,
							"*-teratophoneus-adult-*": 1.95,
							"*-dynamoterror-adult-*": 1.95,
						},
						"soundByType": {"*-tyrannosaurus-adult-*":"creature/stomp","*-tarbosaurus-adult-*":"creature/stomp"},
						"whenInEmotionState": "aggressivearoundentities|aggressiveondamage|fleeondamage",
						"leapAtTargetByType":{
							"*-baby-*":true,
							"*-adult-*":false,
                        },
						"leapAnimation":"Leap",
					},
					{
						"code": "wander",
						"priority": 1,
						"movespeedByType": {
							"*-baby-*":0.008,
							"*-tyrannosaurus-adult-*":0.03,
							"*-tarbosaurus-adult-*": 0.025,
							"*-nanuqsaurus-adult-*": 0.019,
							"*-albertosaurus-adult-*": 0.023,
							"*-gorgosaurus-adult-*": 0.021,
							"*-alioramus-adult-*": 0.017,
							"*-qianzhousaurus-adult-*": 0.023,
							"*-zhuchengtyrannus-adult-*":0.025,
							"*-bistahieversor-adult-*":0.023,
							"*-thanatotheristes-adult-*":0.021,
							"*-teratophoneus-adult-*":0.019,
							"*-dynamoterror-adult-*":0.019,
						},
						"animationSpeedByType": {"*-adult-*":1.5,"*-baby-*":2.25},
						"priorityForCancel": 1.35,
						"chance": 0.005,
						"animation": "Walk",
						"preferredLightLevel": 20,
						"duringDayTimeFrames": [
							{"fromHour": 18, "toHour": 19},
						],
						"stopOnNearbyEntityCodes": ["player", "bear-*","chicken-*", "deer-*","drifter-*", "fox-*", "gazelle-*", "goat-*","hare-*","hyena-*", "moose-*", "pig-*", "raccoon-*", "sheep-*","tameddeer-*", "wolf-*",

                        "ceratopsidae-*", "spinosauridae-*","ankylosauria-*","macronaria-*","dromaeosauridae-*","hadrosauroidea-*", "abelisauridae-*","pachycephalosauria-*",

                        "cervidae-*", "elephantidae-*", "dinornithidae-*", "pantherinae-*", "caninae-*", "cervinae-*", "bovinae-*", "felinae-*", "rhinocerotidae-*", "machairodontinae-*", "vombatidae-*", "ursidae-*", "capreolinae-*",
                        "capercaillie-*","goldenpheasant-*","pheasant-*", "wildturkey-*", "bison-*", "cockatrice-*", "direwolf-*", "faunling-*", "foal-*", "giraffe", "hellboar-*", "horse-*", "ostrich-*",  "tame-*",
                        "chelonoidis-*",
                        ],
						"whenNotInEmotionState": "aggressiveondamage|fleeondamage",
						"soundRange": 30,
					},
					{
                        "code": "idle",
                        "animation": "Sit",
                        "priority": 1.2,
                        "minduration": 20000,
                        "maxduration": 240000,
                        "mincooldown": 6000,
                        "maxcooldown": 12000,
                        "priorityForCancel": 1.28,
                        "duringDayTimeFrames": [
                            {"fromHour": 4,"toHour": 6},
                            {"fromHour": 8,"toHour": 10},
                            {"fromHour": 12,"toHour": 16}
                        ],
                        "stopOnNearbyEntityCodes": ["player", "bear-*","chicken-*", "deer-*","drifter-*", "fox-*", "gazelle-*", "goat-*","hare-*","hyena-*", "moose-*", "pig-*", "raccoon-*", "sheep-*","tameddeer-*", "wolf-*",

                        "ceratopsidae-*", "spinosauridae-*","ankylosauria-*","macronaria-*","dromaeosauridae-*","hadrosauroidea-*","abelisauridae-*","pachycephalosauria-*",

                        "cervidae-*", "elephantidae-*", "dinornithidae-*", "pantherinae-*", "caninae-*", "cervinae-*", "bovinae-*", "felinae-*", "rhinocerotidae-*", "machairodontinae-*", "vombatidae-*", "ursidae-*", "capreolinae-*",
                        "capercaillie-*","goldenpheasant-*","pheasant-*", "wildturkey-*", "bison-*", "cockatrice-*", "direwolf-*", "faunling-*", "foal-*", "giraffe", "hellboar-*", "horse-*", "ostrich-*",  "tame-*",
                        "chelonoidis-*",
                        ],
                        "stopRange": 20,
                        "animationSpeed": 1,
                        "stopOnHurt": true,
                        "whenNotInEmotionState": "aggressiveondamage|fleeondamage",
                        "soundRepeatMs": 5000
                    },
                    {
                        "code": "idle",
                        "animation": "Lie",
                        "priority": 1.18,
                        "minduration": 30000,
                        "maxduration": 240000,
                        "mincooldown": 6000,
                        "maxcooldown": 12000,
                        "priorityForCancel": 1.28,
                        "duringDayTimeFrames": [
                            {"fromHour": 4.5,"toHour": 6},
                            {"fromHour": 8.5,"toHour": 10},
                            {"fromHour": 12.5,"toHour": 16}
                        ],
                        "stopOnNearbyEntityCodes": ["player", "bear-*","chicken-*", "deer-*","drifter-*", "fox-*", "gazelle-*", "goat-*","hare-*","hyena-*", "moose-*", "pig-*", "raccoon-*", "sheep-*","tameddeer-*", "wolf-*",
                        "ceratopsidae-*", "spinosauridae-*","ankylosauria-*","macronaria-*","dromaeosauridae-*","hadrosauroidea-*","abelisauridae-*","pachycephalosauria-*",

                        "cervidae-*", "elephantidae-*", "dinornithidae-*", "pantherinae-*", "caninae-*", "cervinae-*", "bovinae-*", "felinae-*", "rhinocerotidae-*", "machairodontinae-*", "vombatidae-*", "ursidae-*", "capreolinae-*",
                        "capercaillie-*","goldenpheasant-*","pheasant-*", "wildturkey-*", "bison-*", "cockatrice-*", "direwolf-*", "faunling-*", "foal-*", "giraffe", "hellboar-*", "horse-*", "ostrich-*",  "tame-*",
                        "chelonoidis-*",
                        ],
                        "stopRange": 10,
                        "animationSpeed": 1,
                        "stopOnHurt": true,
                        "whenNotInEmotionState": "aggressiveondamage|fleeondamage",
                        "soundRepeatMs": 5000
                    },
					{
                        "code": "idle",
                        "animation": "Sleep",
                        "priority": 1.15,
                        "minduration": 200000,
                        "maxduration": 800000,
                        "mincooldown": 1000,
                        "maxcooldown": 3000,
                        "priorityForCancel": 1.28,
                        "duringDayTimeFrames": [
                            {"fromHour": 5,"toHour": 6},
                            {"fromHour": 9,"toHour": 10},
                            {"fromHour": 12.75,"toHour": 16}
                        ],
                        "stopOnNearbyEntityCodes": ["player"],
                        "stopRange": 1,
                        "animationSpeed": 1,
                        "stopOnHurt": true,
                        "whenNotInEmotionState": "aggressiveondamage",
                        "soundRepeatMs": 2000
                    },
                    {
                        "code": "lookaround",
                        "animation": "Look",
                        "priority": 0.5,
                        "animationSpeed": 0.75,
                        "whenNotInEmotionState": "aggressiveondamage|fleeondamage",
                    },
                    {
                        "code": "idle",
                        "animation": "Roar",
                        "priority": 1,
                        "priorityForCancel": 1.35,
                        "minduration": 4667,
                        "maxduration": 4667,
                        "chance": 0.01,
                        "preferredLightLevel": 0,
                        "mincooldown": 150000,
                        "maxcooldown": 500000,
                        "animationSpeed": 1,
                        "soundByType": {"*-adult-*":"creature/roar","*-baby-*":"creature/roar2-baby",},
                        "soundRangeByType": {"*-adult-*":120,"*-baby-*":40,},
                        "whenNotInEmotionState": "aggressiveondamage|fleeondamage"
                    },
                    {
                        "code": "getoutofwater",
                        "animation": "Swim",
                        "priority": 1.4,
                        "movespeed": 0.016,
                        "animationSpeed": 1
                    },
                    {
                        "code": "fleeentity",
                        "animation": "Run",
                        "enabledByType":{"*-adult-*":true,"*-baby-*":true,},
                        "entityCodes":["player", "bear-*","chicken-*", "deer-*","drifter-*", "fox-*", "gazelle-*", "goat-*","hare-*","hyena-*", "moose-*", "pig-*", "raccoon-*", "sheep-*","tameddeer-*", "wolf-*",

                        "ceratopsidae-*", "spinosauridae-*","ankylosauria-*","dromaeosauridae-*","hadrosauroidea-*","abelisauridae-*","pachycephalosauria-*",

                        "cervidae-*", "elephantidae-*", "dinornithidae-*", "pantherinae-*", "caninae-*", "cervinae-*", "bovinae-*", "felinae-*", "rhinocerotidae-*", "machairodontinae-*", "vombatidae-*", "ursidae-*", "capreolinae-*",
                        "capercaillie-*","goldenpheasant-*","pheasant-*", "wildturkey-*", "bison-*", "cockatrice-*", "direwolf-*", "faunling-*", "foal-*", "geodecrab-*", "giraffe", "golem-*", "hellboar-*", "horse-*", "ostrich-*", "scorpion-*", "spider-*", "tame-*", "toad-*", "chelonoidis-*"
                        ],
                        "priorityByType": {"*-adult-*":1,"*-baby-*":1.8,},

                        "seekingRange": 15,
                        "movespeedByType": {
							"*-baby-*":0.035,
							"*-tyrannosaurus-adult-*":0.065,
							"*-tarbosaurus-adult-*": 0.07,
							"*-nanuqsaurus-adult-*": 0.085,
							"*-albertosaurus-adult-*": 0.075,
							"*-gorgosaurus-adult-*": 0.08,
							"*-alioramus-adult-*": 0.09,
							"*-qianzhousaurus-adult-*": 0.08,
							"*-zhuchengtyrannus-adult-*": 0.07,
							"*-bistahieversor-adult-*": 0.075,
							"*-thanatotheristes-adult-*": 0.08,
							"*-teratophoneus-adult-*": 0.085,
							"*-dynamoterror-adult-*": 0.085,
						},
						"animationSpeedByType": {
							"*-baby-*":2.5,
							"*-tyrannosaurus-adult-*":1.7,
							"*-tarbosaurus-adult-*": 1.8,
							"*-nanuqsaurus-adult-*": 1.95,
							"*-albertosaurus-adult-*": 1.9,
							"*-gorgosaurus-adult-*": 1.85,
							"*-alioramus-adult-*": 2,
							"*-qianzhousaurus-adult-*": 1.85,
							"*-zhuchengtyrannus-adult-*": 1.8,
							"*-bistahieversor-adult-*": 1.85,
							"*-thanatotheristes-adult-*": 1.9,
							"*-teratophoneus-adult-*": 1.95,
							"*-dynamoterror-adult-*": 1.95,
						},
						"whenInEmotionState":"fleeondamage",

                    },
                    {
                        "code": "fleeentity",
                        "animation": "Run",
                        "enabledByType":{"*-adult-*":false,"*-baby-*":true,},
                        "entityCodes": ["player", "bear-*", "drifter-*", "hyena-*", "moose-*", "wolf-male", "wolf-female",

                        "ceratopsidae-triceratops-adult-*","ceratopsidae-torosaurus-adult-*","ceratopsidae-pentaceratops-adult-*","ceratopsidae-pachyrhinosaurus-adult-*","ceratopsidae-styracosaurus-adult-*","ceratopsidae-centrosaurus-adult-*","ceratopsidae-xenoceratops-adult-*","ceratopsidae-machairoceratops-adult-*","ceratopsidae-nedoceratops-adult-*","ceratopsidae-sinoceratops-adult-*","ceratopsidae-regaliceratops-adult-*","ceratopsidae-nasutoceratops-adult-*",


                        "ankylosauria-ankylosaurus-adult-*","ankylosauria-tarchia-adult-*","ankylosauria-euoplocephalus-adult-*","ankylosauria-edmontonia-adult-*","ankylosauria-ankylosaurus-adult-*","ankylosauria-pinacosaurus-adult-*","ankylosauria-antarctopelta-adult-*","ankylosauria-struthiosaurus-adult-*",

                        "spinosauridae-spinosaurus-adult-*", "spinosauridae-oxalaia-adult-*", "spinosauridae-suchomimus-adult-*", "spinosauridae-baryonyx-adult-*", "spinosauridae-ichthyovenator-adult-*","spinosauridae-irritator-adult-*",

                        "macronaria-argentinosaurus-adult-*","macronaria-patagotitan-adult-*","macronaria-dreadnoughtus-adult-*","macronaria-futalognkosaurus-adult-*","macronaria-brachiosaurus-adult-*","macronaria-giraffatitan-adult-*","macronaria-diamantinasaurus-adult-*","macronaria-europatitan-adult-*","macronaria-antarctosaurus-adult-*","macronaria-ruyangosaurus-adult-*","macronaria-camarasaurus-adult-*","macronaria-bruhathkayosaurus-adult-*","macronaria-malawisaurus-adult-*","macronaria-rapetosaurus-adult-*","macronaria-ampelosaurus-adult-*",

                        "dromaeosauridae-utahraptor-adult-*","dromaeosauridae-dakotaraptor-adult-*","dromaeosauridae-achillobator-adult-*","dromaeosauridae-austroraptor-adult-*","dromaeosauridae-deinonychus-adult-*","dromaeosauridae-dromaeosaurus-adult-*","dromaeosauridae-adasaurus-adult-*","dromaeosauridae-velociraptor-adult-*","dromaeosauridae-saurornitholestes-adult-*","dromaeosauridae-atrociraptor-adult-*","dromaeosauridae-pyroraptor-adult-*","dromaeosauridae-buitreraptor-adult-*","dromaeosauridae-microraptor-adult-*","dromaeosauridae-rahonavis-adult-*",

                        "abelisauridae-pycnonemosaurus-adult-*","abelisauridae-ekrixinatosaurus-adult-*","abelisauridae-carnotaurus-adult-*","abelisauridae-chenanisaurus-adult-*","abelisauridae-rajasaurus-adult-*","abelisauridae-abelisaurus-adult-*","abelisauridae-majungasaurus-adult-*","abelisauridae-skorpiovenator-adult-*","abelisauridae-xenotarsosaurus-adult-*","abelisauridae-rahiolisaurus-adult-*","abelisauridae-arcovenator-adult-*","abelisauridae-rugops-adult-*","abelisauridae-aucasaurus-adult-*","abelisauridae-dahalokely-adult-*","abelisauridae-ilokelesia-adult-*","abelisauridae-viavenator-adult-*","abelisauridae-tarascosaurus-adult-*","abelisauridae-thanos-adult-*",

                        "pachycephalosauria-pachycephalosaurus-adult-*","pachycephalosauria-platytholus-adult-*","pachycephalosauria-prenocephale-adult-*","pachycephalosauria-stegoceras-adult-*","pachycephalosauria-hanssuesia-adult-*","pachycephalosauria-sinocephale-adult-*","pachycephalosauria-sphaerotholus-adult-*","pachycephalosauria-tylocephale-adult-*","pachycephalosauria-homalocephale-adult-*","pachycephalosauria-acrotholus-adult-*","pachycephalosauria-goyocephale-adult-*","pachycephalosauria-foraminacephale-adult-*","pachycephalosauria-alaskacephale-adult-*","pachycephalosauria-colepiocephale-adult-*","pachycephalosauria-amtocephale-adult-*","pachycephalosauria-wannanosaurus-adult-*",


                        "elephantidae-*", "cervidae-*","pantherinae-*", "caninae-*", "cervinae-*", "bovinae-*", "felinae-*", "rhinocerotidae-*", "machairodontinae-*", "ursidae-*",
                        "cockatrice-*", "direwolf-*", "golem-*", "hellboar-*",
                        ],
                        "priorityByType": {"*-adult-*":0,"*-baby-*":1.8,},
                        "seekingRange": 30,
                        "movespeedByType": {
							"*-baby-*":0.035,
							"*-tyrannosaurus-adult-*":0.065,
							"*-tarbosaurus-adult-*": 0.07,
							"*-nanuqsaurus-adult-*": 0.085,
							"*-albertosaurus-adult-*": 0.075,
							"*-gorgosaurus-adult-*": 0.08,
							"*-alioramus-adult-*": 0.09,
							"*-qianzhousaurus-adult-*": 0.08,
							"*-zhuchengtyrannus-adult-*": 0.07,
							"*-bistahieversor-adult-*": 0.075,
							"*-thanatotheristes-adult-*": 0.08,
							"*-teratophoneus-adult-*": 0.085,
							"*-dynamoterror-adult-*": 0.085,
						},
						"animationSpeedByType": {
							"*-baby-*":2.5,
							"*-tyrannosaurus-adult-*":1.7,
							"*-tarbosaurus-adult-*": 1.8,
							"*-nanuqsaurus-adult-*": 1.95,
							"*-albertosaurus-adult-*": 1.9,
							"*-gorgosaurus-adult-*": 1.85,
							"*-alioramus-adult-*": 2,
							"*-qianzhousaurus-adult-*": 1.85,
							"*-zhuchengtyrannus-adult-*": 1.8,
							"*-bistahieversor-adult-*": 1.85,
							"*-thanatotheristes-adult-*": 1.9,
							"*-teratophoneus-adult-*": 1.95,
							"*-dynamoterror-adult-*": 1.95,
						},

                    },
					{
						"code": "seekfoodandeat",
                        "animation": "Walk",
						"eatAnimation": "Eat",
						"eatAnimationLooseItems": "Eat",
						"priority": 1.5,
						"eatSound": "game:creature/animal-eat1",
						"eatTime": 1.5,
						"minduration": 4000,
						"maxduration": 4000,
						"animation": "Eat",
						"movespeedByType": {
							"*-baby-*":0.008,
							"*-tyrannosaurus-adult-*":0.03,
							"*-tarbosaurus-adult-*": 0.025,
							"*-nanuqsaurus-adult-*": 0.019,
							"*-albertosaurus-adult-*": 0.023,
							"*-gorgosaurus-adult-*": 0.021,
							"*-alioramus-adult-*": 0.017,
							"*-qianzhousaurus-adult-*": 0.023,
							"*-zhuchengtyrannus-adult-*":0.025,
							"*-bistahieversor-adult-*":0.023,
							"*-thanatotheristes-adult-*":0.021,
							"*-teratophoneus-adult-*":0.019,
							"*-dynamoterror-adult-*":0.019,
						},
						"animationSpeedByType": {"*-adult-*":1.5,"*-baby-*":2.25},
						"mincooldownHours": 1,
						"maxcooldownHours": 4
					},
					{
						"code": "stayclosetoentity",
						"animation": "Run",
						"priority": 1.4,
						"entityCodeByType": {
							"*-adult-*": "tyrannosauridae-{type}-baby-{gender}",
							"*-baby-*": "tyrannosauridae-{type}-adult-female",
							},
						"movespeedByType": {
							"*-baby-*":0.008,
							"*-tyrannosaurus-adult-*":0.03,
							"*-tarbosaurus-adult-*": 0.025,
							"*-nanuqsaurus-adult-*": 0.019,
							"*-albertosaurus-adult-*": 0.023,
							"*-gorgosaurus-adult-*": 0.021,
							"*-alioramus-adult-*": 0.017,
							"*-qianzhousaurus-adult-*": 0.023,
							"*-zhuchengtyrannus-adult-*":0.025,
							"*-bistahieversor-adult-*":0.023,
							"*-thanatotheristes-adult-*":0.021,
							"*-teratophoneus-adult-*":0.019,
							"*-dynamoterror-adult-*":0.019,
						},
						"animationSpeedByType": {"*-adult-*":1.5,"*-baby-*":2.25},
						"maxDistance": 12,
						"searchRange": 30,

					},

					{
						"code": "seekentity",
						"animation": "Run",
						"entityCodesByType": {"*":["lure-big"]},
						"priority": 2,
						"seekingRange": 100,
						"belowTempSeekingRange": 50,
						"movespeedByType": {
							"*-baby-*":0.035,
							"*-tyrannosaurus-adult-*":0.065,
							"*-tarbosaurus-adult-*": 0.07,
							"*-nanuqsaurus-adult-*": 0.085,
							"*-albertosaurus-adult-*": 0.075,
							"*-gorgosaurus-adult-*": 0.08,
							"*-alioramus-adult-*": 0.09,
							"*-qianzhousaurus-adult-*": 0.08,
							"*-zhuchengtyrannus-adult-*": 0.07,
							"*-bistahieversor-adult-*": 0.075,
							"*-thanatotheristes-adult-*": 0.08,
							"*-teratophoneus-adult-*": 0.085,
							"*-dynamoterror-adult-*": 0.085,
						},
						"animationSpeedByType": {
							"*-baby-*":2.5,
							"*-tyrannosaurus-adult-*":1.7,
							"*-tarbosaurus-adult-*": 1.8,
							"*-nanuqsaurus-adult-*": 1.95,
							"*-albertosaurus-adult-*": 1.9,
							"*-gorgosaurus-adult-*": 1.85,
							"*-alioramus-adult-*": 2,
							"*-qianzhousaurus-adult-*": 1.85,
							"*-zhuchengtyrannus-adult-*": 1.8,
							"*-bistahieversor-adult-*": 1.85,
							"*-thanatotheristes-adult-*": 1.9,
							"*-teratophoneus-adult-*": 1.95,
							"*-dynamoterror-adult-*": 1.95,
						},
						"soundByType": {"*-tyrannosaurus-adult-*":"creature/stomp","*-tarbosaurus-adult-*":"creature/stomp"},
						"leapAtTargetByType":{
							"*-baby-*":true,
							"*-adult-*":false,
                        },
						"leapAnimation":"Leap",
					},
					{
						"code": "seekentity",
						"animation": "Run",
						"entityCodesByType": {"*":["lure-small"]},
						"priority": 1.7,
						"seekingRange": 30,
						"belowTempSeekingRange": 15,
						"movespeedByType": {
							"*-baby-*":0.035,
							"*-tyrannosaurus-adult-*":0.065,
							"*-tarbosaurus-adult-*": 0.07,
							"*-nanuqsaurus-adult-*": 0.085,
							"*-albertosaurus-adult-*": 0.075,
							"*-gorgosaurus-adult-*": 0.08,
							"*-alioramus-adult-*": 0.09,
							"*-qianzhousaurus-adult-*": 0.08,
							"*-zhuchengtyrannus-adult-*": 0.07,
							"*-bistahieversor-adult-*": 0.075,
							"*-thanatotheristes-adult-*": 0.08,
							"*-teratophoneus-adult-*": 0.085,
							"*-dynamoterror-adult-*": 0.085,
						},
						"animationSpeedByType": {
							"*-baby-*":2.5,
							"*-tyrannosaurus-adult-*":1.7,
							"*-tarbosaurus-adult-*": 1.8,
							"*-nanuqsaurus-adult-*": 1.95,
							"*-albertosaurus-adult-*": 1.9,
							"*-gorgosaurus-adult-*": 1.85,
							"*-alioramus-adult-*": 2,
							"*-qianzhousaurus-adult-*": 1.85,
							"*-zhuchengtyrannus-adult-*": 1.8,
							"*-bistahieversor-adult-*": 1.85,
							"*-thanatotheristes-adult-*": 1.9,
							"*-teratophoneus-adult-*": 1.95,
							"*-dynamoterror-adult-*": 1.95,
						},
						"soundByType": {"*-tyrannosaurus-adult-*":"creature/stomp","*-tarbosaurus-adult-*":"creature/stomp"},
						"leapAtTargetByType":{
							"*-baby-*":true,
							"*-adult-*":false,
                        },
						"leapAnimation":"Leap",
					},

					{
						"code": "stayclosetoentity",
						"animation": "Run",
						"priority": 2,
						"enabledByType": {"*-adult-*": true,"*-baby-*":false},
						"entityCodeByType": {
							"*-adult-*": "hitch"
							},
						"movespeedByType": {
							"*-baby-*":0.008,
							"*-tyrannosaurus-adult-*":0.03,
							"*-tarbosaurus-adult-*": 0.025,
							"*-nanuqsaurus-adult-*": 0.019,
							"*-albertosaurus-adult-*": 0.023,
							"*-gorgosaurus-adult-*": 0.021,
							"*-alioramus-adult-*": 0.017,
							"*-qianzhousaurus-adult-*": 0.023,
							"*-zhuchengtyrannus-adult-*":0.025,
							"*-bistahieversor-adult-*":0.023,
							"*-thanatotheristes-adult-*":0.021,
							"*-teratophoneus-adult-*":0.019,
							"*-dynamoterror-adult-*":0.019,
						},
						"animationSpeedByType": {"*-adult-*":1.5,"*-baby-*":2.25},
						"maxDistance": 6,
						"searchRange": 10,

					},
					{
						"code": "seekentity",
						"animation": "Run",
						"enabledByType": {"*-adult-*": true,"*-baby-*":false},
						"entityCodesByType": {"*-adult-*":["hitch"],},
						"priority": 1.85,
						"seekingRange": 10,
						"belowTempSeekingRange": 10,
						"movespeedByType": {
							"*-baby-*":0.035,
							"*-tyrannosaurus-adult-*":0.065,
							"*-tarbosaurus-adult-*": 0.07,
							"*-nanuqsaurus-adult-*": 0.085,
							"*-albertosaurus-adult-*": 0.075,
							"*-gorgosaurus-adult-*": 0.08,
							"*-alioramus-adult-*": 0.09,
							"*-qianzhousaurus-adult-*": 0.08,
						},
						"animationSpeedByType": {
							"*-baby-*":2.5,
							"*-tyrannosaurus-adult-*":1.7,
							"*-tarbosaurus-adult-*": 1.8,
							"*-nanuqsaurus-adult-*": 1.95,
							"*-albertosaurus-adult-*": 1.9,
							"*-gorgosaurus-adult-*": 1.85,
							"*-alioramus-adult-*": 2,
							"*-qianzhousaurus-adult-*": 1.85,
						},
						"leapAtTargetByType":{
							"*-baby-*":true,
							"*-adult-*":false,
                        },
						"leapAnimation":"Leap",
					},

				]
            },

			{"code": "pettable","minGeneration": 5},
			{"code": "ropetieable","minGeneration": 8},

        ],
	"spawnconditions": {
		"worldgen": {
			"chanceByType": {"*-baby-*": 0.0,},
			"maxQuantityByGroup": { "code": "tyrannosauridae-*", "maxQuantity": 1 },
			"triesPerChunk": { "avg": 0.0009, "var": 0},
			"tryOnlySurface": true,
			"insideBlockCodes": ["game:air","game:tallgrass-*","game:gravel-*","game:sand-*","game:snowlayer-1","game:soil-*"],
			"groupSizeByType": {
				"*-adult-male":{ "dist": "uniform","avg": 2,"var": 3},
				"*-adult-female":{ "dist": "uniform","avg": 3,"var": 3},
				"*":{ "dist": "uniform","avg": 0,"var": 0},
			},
			"companionsByType":{
				"*-adult-male":["tyrannosauridae:tyrannosauridae-{type}-adult-male"],
				"*-adult-female":["tyrannosauridae:tyrannosauridae-{type}-adult-male", "tyrannosauridae:tyrannosauridae-{type}-baby-female","tyrannosauridae:tyrannosauridae-{type}-baby-male","tyrannosauridae:tyrannosauridae-{type}-baby-female","tyrannosauridae:tyrannosauridae-{type}-baby-male"],
			},

		},
		"runtime": {
			"group": "hostile",
			"MinDistanceToPlayer": 100,
			"tryOnlySurface": true,
			"chanceByType": {"*-adult-*": 0.00001,"*":0.00,},
			"maxQuantityByGroup": { "code": "tyrannosauridae-*", "maxQuantity": 1 },
			"triesPerChunk": { "avg": 0.0, "var": 0},
			"maxLightLevel": 7,
			"lightLevelType": "onlyBlockLight",
			"spawnCapPlayerScaling": 0.0,
			"insideBlockCodes": ["game:air","game:tallgrass-*","game:gravel-*","game:sand-*","game:snowlayer-*","game:soil-*"],
			"groupSizeByType": {
				"*-adult-male":{ "dist": "uniform","avg": 2,"var": 3},
				"*-adult-female":{ "dist": "uniform","avg": 3,"var": 3},
				"*":{ "dist": "uniform","avg": 0,"var": 0},
			},
			"companionsByType":{
				"*-adult-male":["tyrannosauridae:tyrannosauridae-{type}-adult-male"],
				"*-adult-female":["tyrannosauridae:tyrannosauridae-{type}-adult-male", "tyrannosauridae:tyrannosauridae-{type}-baby-female","tyrannosauridae:tyrannosauridae-{type}-baby-male","tyrannosauridae:tyrannosauridae-{type}-baby-female","tyrannosauridae:tyrannosauridae-{type}-baby-male"],
			},
		}
	},
    "spawnconditionsByType": {
			"*-tyrannosaurus-adult-*": {
				"climate": {
					"minTemp": 10,
					"maxTemp": 35,
					"minRain": 0.3,
					"maxRain": 0.9,
					"minForestOrShrubs": 0.3,
					"maxForest": 0.8,
					"maxShrubs": 0.7,
					"minY": 0.9,
					"maxY": 1.6
				},
			},
			"*-tarbosaurus-adult-*": {
				"climate": {
					"minTemp": 15,
					"maxTemp": 40,
					"minRain": 0.0,
					"maxRain": 0.7,
					"minForestOrShrubs": 0.1,
					"maxForest": 0.8,
					"maxShrubs": 0.9,
					"minY": 0.9,
					"maxY": 1.7
				},
			},
			"*-nanuqsaurus-adult-*": {
				"climate": {
					"minTemp": -20,
					"maxTemp": 15,
					"minRain": 0.0,
					"maxRain": 1,
					"minForestOrShrubs": 0.0,
					"maxForest": 0.9,
					"maxShrubs": 0.9,
					"minY": 1.0,
					"maxY": 1.7
				},
			},
			"*-albertosaurus-adult-*": {
				"climate": {
					"minTemp": 5,
					"maxTemp": 30,
					"minRain": 0.3,
					"maxRain": 0.8,
					"minForestOrShrubs": 0.2,
					"maxForest": 0.8,
					"maxShrubs": 0.6,
					"minY": 0.9,
					"maxY": 1.6
				},
			},
			"*-gorgosaurus-adult-*": {
				"climate": {
					"minTemp": 5,
					"maxTemp": 30,
					"minRain": 0.3,
					"maxRain": 0.8,
					"minForestOrShrubs": 0.2,
					"maxForest": 0.8,
					"maxShrubs": 0.6,
					"minY": 0.9,
					"maxY": 1.6
				},
			},
			"*-alioramus-adult-*": {
				"climate": {
					"minTemp": 15,
					"maxTemp": 38,
					"minRain": 0.2,
					"maxRain": 0.8,
					"minForestOrShrubs": 0.2,
					"maxForest": 0.5,
					"maxShrubs": 0.8,
					"minY": 0.9,
					"maxY": 1.5
				},
			},
			"*-qianzhousaurus-adult-*": {
				"climate": {
					"minTemp": 15,
					"maxTemp": 38,
					"minRain": 0.3,
					"maxRain": 0.8,
					"minForestOrShrubs": 0.3,
					"maxForest": 0.7,
					"maxShrubs": 0.7,
					"minY": 0.9,
					"maxY": 1.5
				},
			},
			"zhuchengtyrannus-tyrannosaurus-adult-":{
				"climate": {
					"minTemp": 12,
					"maxTemp": 34,
					"minRain": 0.4,
					"maxRain": 0.8,
					"minForestOrShrubs": 0.4,
					"maxForest": 0.75,
					"maxShrubs": 0.6,
					"minY": 1.0,
					"maxY": 1.8
				}
			},
			"bistahieversor-tyrannosaurus-adult-":{
				"climate": {
					"minTemp": 11,
					"maxTemp": 33,
					"minRain": 0.3,
					"maxRain": 0.7,
					"minForestOrShrubs": 0.35,
					"maxForest": 0.7,
					"maxShrubs": 0.65,
					"minY": 1.0,
					"maxY": 1.7
				}
			},
			"thanatotheristes-tyrannosaurus-adult-":{
				"climate": {
					"minTemp": 10,
					"maxTemp": 35,
					"minRain": 0.3,
					"maxRain": 0.9,
					"minForestOrShrubs": 0.3,
					"maxForest": 0.8,
					"maxShrubs": 0.7,
					"minY": 0.9,
					"maxY": 1.6
				}
			},
			"teratophoneus-tyrannosaurus-adult-":{
				"climate": {
					"minTemp": 13,
					"maxTemp": 32,
					"minRain": 0.3,
					"maxRain": 0.75,
					"minForestOrShrubs": 0.35,
					"maxForest": 0.7,
					"maxShrubs": 0.6,
					"minY": 1.0,
					"maxY": 1.6
				}
			},
			"dynamoterror-tyrannosaurus-adult-":{
				"climate": {
					"minTemp": 11,
					"maxTemp": 33,
					"minRain": 0.3,
					"maxRain": 0.8,
					"minForestOrShrubs": 0.3,
					"maxForest": 0.75,
					"maxShrubs": 0.65,
					"minY": 1.0,
					"maxY": 1.7
				}
			},
			"*": {
				"climate": {
					"minTemp": 40,
					"maxTemp": 40,
					"minRain": 0,
					"maxRain": 0,
					"minForestOrShrubs": 0,
					"maxForest": 0,
					"maxShrubs": 0,
					"minY": 0,
					"maxY": 0
				},
				"worldgen": {
					"triesPerChunk": { "avg": 0.0, "var": 0}
				},
				"runtime": {
					"maxQuantityByGroup": { "code": "tyrannosauridae-*", "maxQuantity": 0 },
					"chanceByType": {"*-baby-*": 0.0},
				}
			},

		}
    },
    "soundsByType": {
		"*-adult-*":{
			"hurt": "creature/hurt",
			"death": "creature/death",
			"idle": "creature/idle"
		},
		"*-baby-*":{
			"hurt": "creature/idle-baby",
			"death": "creature/idle-baby",
			"idle": "creature/idle-baby"
		},
		"idleSoundChance": 0.01
	}
}
